en,ko,emoji,group
subject,과목,📚,중1-1 학교생활
math,수학,➗,중1-1 학교생활
science,과학,🔬,중1-1 학교생활
history,역사,📜,중1-1 학교생활
geography,지리,🗺️,중1-1 학교생활
class,학급·반,🏫,중1-1 학교생활
lesson,수업·교훈,📖,중1-1 학교생활
grade,학년·성적,📊,중1-1 학교생활
semester,학기,🗓️,중1-1 학교생활
vacation,방학·휴가,🏖️,중1-1 학교생활
homework,숙제,📝,중1-1 학교생활
test,시험·검사,✅,중1-1 학교생활
principal,교장·주요한,👨‍🏫,중1-1 학교생활
classmate,반 친구,🧑‍🤝‍🧑,중1-1 학교생활
student,학생,🧑‍🎓,중1-1 학교생활
uniform,교복·제복,👔,중1-1 학교생활
library,도서관,🏛️,중1-1 학교생활
locker,사물함,🔐,중1-1 학교생활
cafeteria,급식실·구내식당,🍱,중1-1 학교생활
gym,체육관,🏋️,중1-1 학교생활
club,동아리,🎭,중1-1 학교생활
project,프로젝트·기획,📁,중1-1 학교생활
report,보고서·보고하다,🗒️,중1-1 학교생활
presentation,발표,🎤,중1-1 학교생활
question,질문,❓,중1-1 학교생활
answer,대답·답하다,💬,중1-1 학교생활
explain,설명하다,🧑‍🏫,중1-1 학교생활
understand,이해하다,💡,중1-1 학교생활
remember,기억하다,🧠,중1-1 학교생활
forget,잊다,🤔,중1-1 학교생활
practice,연습하다·연습,🔁,중1-1 학교생활
review,복습하다·검토,🔄,중1-1 학교생활
study,공부하다,✏️,중1-1 학교생활
learn,배우다,📘,중1-1 학교생활
solve,풀다·해결하다,🧩,중1-1 학교생활
correct,옳은·정답인,✔️,중1-1 학교생활
wrong,틀린·잘못된,❌,중1-1 학교생활
mistake,실수,😅,중1-1 학교생활
problem,문제,❗,중1-1 학교생활
example,예·보기,📌,중1-1 학교생활
score,점수,💯,중1-1 학교생활
pass,통과하다·합격하다,🟢,중1-1 학교생활
fail,실패하다·낙제하다,🔻,중1-1 학교생활
attend,참석하다·다니다,🙋,중1-1 학교생활
absent,결석한,🪑,중1-1 학교생활
late,늦은·늦게,⏰,중1-1 학교생활
early,이른·일찍,🌅,중1-1 학교생활
rule,규칙,📏,중1-1 학교생활
dictionary,사전,📕,중1-1 학교생활
textbook,교과서,📗,중1-1 학교생활
graduate,졸업하다,🎓,중1-1 학교생활
family,가족,👨‍👩‍👧,중1-2 가족·사람
parent,부모,👪,중1-2 가족·사람
grandparent,조부모,👴,중1-2 가족·사람
cousin,사촌,🧒,중1-2 가족·사람
aunt,이모·고모,👩,중1-2 가족·사람
uncle,삼촌·외삼촌,👨,중1-2 가족·사람
nephew,남자 조카,👦,중1-2 가족·사람
niece,여자 조카,👧,중1-2 가족·사람
husband,남편,🤵,중1-2 가족·사람
wife,아내,👰,중1-2 가족·사람
son,아들,,중1-2 가족·사람
daughter,딸,,중1-2 가족·사람
twin,쌍둥이,👯,중1-2 가족·사람
adult,어른·성인,🧑,중1-2 가족·사람
teenager,십대,,중1-2 가족·사람
child,아이·어린이,,중1-2 가족·사람
neighbor,이웃,🏘️,중1-2 가족·사람
guest,손님,🛎️,중1-2 가족·사람
host,주인·주최자,,중1-2 가족·사람
person,사람,🧍,중1-2 가족·사람
people,사람들,👥,중1-2 가족·사람
human,인간,,중1-2 가족·사람
gentleman,신사,🎩,중1-2 가족·사람
lady,숙녀,👒,중1-2 가족·사람
member,구성원·회원,,중1-2 가족·사람
age,나이,🎂,중1-2 가족·사람
born,태어난,👶,중1-2 가족·사람
grow,자라다,🌱,중1-2 가족·사람
marry,결혼하다,💍,중1-2 가족·사람
wedding,결혼식,💒,중1-2 가족·사람
young,어린·젊은,,중1-2 가족·사람
old,늙은·오래된,👵,중1-2 가족·사람
handsome,잘생긴,😎,중1-2 가족·사람
beautiful,아름다운,🌷,중1-2 가족·사람
cute,귀여운,🐣,중1-2 가족·사람
ugly,못생긴,👹,중1-2 가족·사람
thin,마른·얇은,🥢,중1-2 가족·사람
curly,곱슬곱슬한,➰,중1-2 가족·사람
straight,곧은·똑바로,,중1-2 가족·사람
appearance,외모,,중1-2 가족·사람
similar,비슷한,,중1-2 가족·사람
different,다른,🔀,중1-2 가족·사람
same,같은,,중1-2 가족·사람
together,함께,,중1-2 가족·사람
alone,혼자,,중1-2 가족·사람
share,나누다·공유하다,🍕,중1-2 가족·사람
care,돌봄·보살피다,💗,중1-2 가족·사람
raise,기르다·올리다,,중1-2 가족·사람
introduce,소개하다,🤝,중1-2 가족·사람
relative,친척,,중1-2 가족·사람
home,집·가정,🏠,중1-3 집·일상
kitchen,부엌,🍳,중1-3 집·일상
bathroom,욕실·화장실,🛁,중1-3 집·일상
bedroom,침실,🛏️,중1-3 집·일상
floor,바닥·층,,중1-3 집·일상
wall,벽,🧱,중1-3 집·일상
roof,지붕,,중1-3 집·일상
window,창문,🪟,중1-3 집·일상
door,문,🚪,중1-3 집·일상
stairs,계단,,중1-3 집·일상
furniture,가구,🛋️,중1-3 집·일상
mirror,거울,,중1-3 집·일상
blanket,담요,,중1-3 집·일상
towel,수건,,중1-3 집·일상
soap,비누,🧼,중1-3 집·일상
brush,솔·빗다,🪥,중1-3 집·일상
clean,깨끗한·청소하다,🧹,중1-3 집·일상
dirty,더러운,,중1-3 집·일상
wash,씻다,🧽,중1-3 집·일상
laundry,빨래,🧺,중1-3 집·일상
dish,접시·요리,🍽️,중1-3 집·일상
trash,쓰레기,🗑️,중1-3 집·일상
wake,깨다·깨우다,,중1-3 집·일상
dream,꿈·꿈꾸다,💭,중1-3 집·일상
daily,매일의·일상의,📅,중1-3 집·일상
usually,보통·대개,,중1-3 집·일상
always,항상,,중1-3 집·일상
often,자주,,중1-3 집·일상
sometimes,가끔,,중1-3 집·일상
never,결코 ~않다,🚫,중1-3 집·일상
chore,집안일,,중1-3 집·일상
key,열쇠,🔑,중1-3 집·일상
lock,잠그다·자물쇠,🔒,중1-3 집·일상
light,빛·가벼운,,중1-3 집·일상
prepare,준비하다,🧰,중1-3 집·일상
put,놓다·두다,,중1-3 집·일상
hang,걸다·매달다,,중1-3 집·일상
fix,고치다,🔧,중1-3 집·일상
spend,(돈·시간을) 쓰다·보내다,⏳,중1-3 집·일상
busy,바쁜,🏃,중1-3 집·일상
free,자유로운·무료의,🆓,중1-3 집·일상
tired,피곤한,😪,중1-3 집·일상
rest,휴식·쉬다,,중1-3 집·일상
neat,깔끔한,✨,중1-3 집·일상
messy,지저분한,,중1-3 집·일상
comfortable,편안한,,중1-3 집·일상
quiet,조용한,🤫,중1-3 집·일상
noisy,시끄러운,📢,중1-3 집·일상
noise,소음,🔊,중1-3 집·일상
address,주소,,중1-3 집·일상
garden,정원,🌻,중1-3 집·일상
yard,마당,🏡,중1-3 집·일상
garage,차고,,중1-3 집·일상
meal,식사,,중1-4 음식·건강
breakfast,아침 식사,🥞,중1-4 음식·건강
lunch,점심 식사,🍱,중1-4 음식·건강
dinner,저녁 식사,🍝,중1-4 음식·건강
snack,간식,🍪,중1-4 음식·건강
dessert,후식·디저트,🍰,중1-4 음식·건강
vegetable,채소,🥦,중1-4 음식·건강
fruit,과일,🍎,중1-4 음식·건강
meat,고기,🥩,중1-4 음식·건강
beef,소고기,🐄,중1-4 음식·건강
pork,돼지고기,🐖,중1-4 음식·건강
chicken,닭고기·닭,🍗,중1-4 음식·건강
rice,쌀·밥,🍚,중1-4 음식·건강
bread,빵,🍞,중1-4 음식·건강
noodle,국수,🍜,중1-4 음식·건강
soup,수프·국,🥣,중1-4 음식·건강
salt,소금,🧂,중1-4 음식·건강
sugar,설탕,🍬,중1-4 음식·건강
taste,맛·맛보다,👅,중1-4 음식·건강
delicious,맛있는,😋,중1-4 음식·건강
sweet,달콤한,🍯,중1-4 음식·건강
salty,짠,,중1-4 음식·건강
spicy,매운,🌶️,중1-4 음식·건강
sour,신(맛이),🍋,중1-4 음식·건강
bitter,쓴(맛이),☕,중1-4 음식·건강
hungry,배고픈,🤤,중1-4 음식·건강
full,배부른·가득 찬,,중1-4 음식·건강
thirsty,목마른,🥤,중1-4 음식·건강
cook,요리하다,🧑‍🍳,중1-4 음식·건강
recipe,요리법,,중1-4 음식·건강
order,주문하다·순서,🧾,중1-4 음식·건강
menu,메뉴·차림표,📋,중1-4 음식·건강
restaurant,식당,🍴,중1-4 음식·건강
health,건강,,중1-4 음식·건강
healthy,건강한,🥗,중1-4 음식·건강
exercise,운동하다·운동,🏃,중1-4 음식·건강
diet,식단·다이어트,,중1-4 음식·건강
sick,아픈,🤒,중1-4 음식·건강
pain,통증·고통,,중1-4 음식·건강
fever,열(몸의),🌡️,중1-4 음식·건강
cold,추운·감기,🥶,중1-4 음식·건강
cough,기침,😷,중1-4 음식·건강
headache,두통,🤕,중1-4 음식·건강
medicine,약,💊,중1-4 음식·건강
hospital,병원,🏥,중1-4 음식·건강
doctor,의사,🩺,중1-4 음식·건강
nurse,간호사,,중1-4 음식·건강
dentist,치과 의사,🦷,중1-4 음식·건강
weight,무게·체중,⚖️,중1-4 음식·건강
energy,에너지·기운,⚡,중1-4 음식·건강
hobby,취미,,중1-5 취미·여가
sport,스포츠·운동 경기,🏅,중1-5 취미·여가
soccer,축구,⚽,중1-5 취미·여가
baseball,야구,⚾,중1-5 취미·여가
basketball,농구,🏀,중1-5 취미·여가
swim,수영하다,🏊,중1-5 취미·여가
ride,타다,🚴,중1-5 취미·여가
climb,오르다,🧗,중1-5 취미·여가
hike,도보 여행하다,🥾,중1-5 취미·여가
camping,캠핑,🏕️,중1-5 취미·여가
fishing,낚시,🎣,중1-5 취미·여가
game,게임·놀이,🎮,중1-5 취미·여가
player,선수·연주자,,중1-5 취미·여가
team,팀,,중1-5 취미·여가
win,이기다,🏆,중1-5 취미·여가
lose,지다·잃다,,중1-5 취미·여가
match,시합·어울리다,🥊,중1-5 취미·여가
prize,상(상품),🏵️,중1-5 취미·여가
draw,그리다·비기다,✏️,중1-5 취미·여가
paint,칠하다·물감,🖌️,중1-5 취미·여가
dance,춤추다,💃,중1-5 취미·여가
sing,노래하다,,중1-5 취미·여가
instrument,악기,🎻,중1-5 취미·여가
guitar,기타(악기),🎸,중1-5 취미·여가
drum,북·드럼,🥁,중1-5 취미·여가
movie,영화,🎬,중1-5 취미·여가
concert,음악회·콘서트,🎶,중1-5 취미·여가
ticket,표,🎟️,중1-5 취미·여가
collect,모으다,,중1-5 취미·여가
magazine,잡지,,중1-5 취미·여가
novel,소설,,중1-5 취미·여가
comic,만화,💥,중1-5 취미·여가
favorite,가장 좋아하는,💖,중1-5 취미·여가
enjoy,즐기다,😄,중1-5 취미·여가
interest,흥미,,중1-5 취미·여가
interested,관심 있는,👀,중1-5 취미·여가
exciting,신나는,🎢,중1-5 취미·여가
boring,지루한,🥱,중1-5 취미·여가
fun,재미·재미있는,🎈,중1-5 취미·여가
relax,긴장을 풀다,🧘,중1-5 취미·여가
weekend,주말,,중1-5 취미·여가
join,가입하다·함께하다,➕,중1-5 취미·여가
popular,인기 있는,🔥,중1-5 취미·여가
festival,축제,🎊,중1-5 취미·여가
event,행사·사건,,중1-5 취미·여가
picnic,소풍,,중1-5 취미·여가
photo,사진,📷,중1-5 취미·여가
place,장소,📍,중1-6 장소·교통
city,도시,🏙️,중1-6 장소·교통
town,소도시·읍,,중1-6 장소·교통
village,마을,,중1-6 장소·교통
country,나라·시골,,중1-6 장소·교통
street,거리,,중1-6 장소·교통
road,길·도로,🛣️,중1-6 장소·교통
corner,모퉁이,,중1-6 장소·교통
block,블록·구역,,중1-6 장소·교통
bridge,다리(건축물),🌉,중1-6 장소·교통
building,건물,🏢,중1-6 장소·교통
bank,은행,🏦,중1-6 장소·교통
museum,박물관,,중1-6 장소·교통
market,시장,,중1-6 장소·교통
store,가게,🏪,중1-6 장소·교통
station,역,🚉,중1-6 장소·교통
airport,공항,🛫,중1-6 장소·교통
subway,지하철,🚇,중1-6 장소·교통
taxi,택시,🚕,중1-6 장소·교통
train,기차,🚆,중1-6 장소·교통
ship,배(선박),🚢,중1-6 장소·교통
airplane,비행기,✈️,중1-6 장소·교통
bicycle,자전거,🚲,중1-6 장소·교통
traffic,교통,🚦,중1-6 장소·교통
map,지도,,중1-6 장소·교통
direction,방향,🧭,중1-6 장소·교통
left,왼쪽,⬅️,중1-6 장소·교통
right,오른쪽,➡️,중1-6 장소·교통
turn,돌다·차례,,중1-6 장소·교통
cross,건너다,🚸,중1-6 장소·교통
across,가로질러·건너편에,,중1-6 장소·교통
along,~을 따라,,중1-6 장소·교통
between,~사이에,↔️,중1-6 장소·교통
behind,~뒤에,,중1-6 장소·교통
front,앞,,중1-6 장소·교통
near,가까운,,중1-6 장소·교통
far,먼,🔭,중1-6 장소·교통
arrive,도착하다,🛬,중1-6 장소·교통
leave,떠나다·남기다,,중1-6 장소·교통
visit,방문하다,,중1-6 장소·교통
stop,멈추다·정류장,🛑,중1-6 장소·교통
park,공원·주차하다,🅿️,중1-6 장소·교통
drive,운전하다,🚗,중1-6 장소·교통
fast,빠른,,중1-6 장소·교통
slow,느린,🐢,중1-6 장소·교통
safe,안전한,🦺,중1-6 장소·교통
dangerous,위험한,⚠️,중1-6 장소·교통
lost,길을 잃은·잃어버린,😵,중1-6 장소·교통
season,계절,🍂,중1-7 시간·날씨·자연
spring,봄,🌸,중1-7 시간·날씨·자연
summer,여름,☀️,중1-7 시간·날씨·자연
fall,가을·떨어지다,🍁,중1-7 시간·날씨·자연
winter,겨울,⛄,중1-7 시간·날씨·자연
weather,날씨,🌦️,중1-7 시간·날씨·자연
sunny,화창한,🌞,중1-7 시간·날씨·자연
cloudy,흐린,☁️,중1-7 시간·날씨·자연
rainy,비 오는,🌧️,중1-7 시간·날씨·자연
windy,바람 부는,🌬️,중1-7 시간·날씨·자연
snowy,눈 오는,🌨️,중1-7 시간·날씨·자연
foggy,안개 낀,🌫️,중1-7 시간·날씨·자연
warm,따뜻한,,중1-7 시간·날씨·자연
cool,시원한,,중1-7 시간·날씨·자연
temperature,온도,,중1-7 시간·날씨·자연
degree,(온도의) 도·정도,,중1-7 시간·날씨·자연
storm,폭풍,⛈️,중1-7 시간·날씨·자연
rainbow,무지개,🌈,중1-7 시간·날씨·자연
sky,하늘,🌌,중1-7 시간·날씨·자연
moon,달,🌙,중1-7 시간·날씨·자연
earth,지구·땅,🌍,중1-7 시간·날씨·자연
nature,자연,🌳,중1-7 시간·날씨·자연
forest,숲,🌲,중1-7 시간·날씨·자연
mountain,산,⛰️,중1-7 시간·날씨·자연
river,강,,중1-7 시간·날씨·자연
lake,호수,🛶,중1-7 시간·날씨·자연
sea,바다,,중1-7 시간·날씨·자연
beach,해변,🏝️,중1-7 시간·날씨·자연
island,섬,,중1-7 시간·날씨·자연
desert,사막,🏜️,중1-7 시간·날씨·자연
field,들판·분야,🌾,중1-7 시간·날씨·자연
rock,바위,,중1-7 시간·날씨·자연
stone,돌,,중1-7 시간·날씨·자연
hour,시간(60분),⌛,중1-7 시간·날씨·자연
minute,분(시간),,중1-7 시간·날씨·자연
second,초·두 번째,⏱️,중1-7 시간·날씨·자연
date,날짜,,중1-7 시간·날씨·자연
calendar,달력,📆,중1-7 시간·날씨·자연
century,세기(100년),,중1-7 시간·날씨·자연
past,과거,⏪,중1-7 시간·날씨·자연
present,현재·선물,🎁,중1-7 시간·날씨·자연
future,미래,🚀,중1-7 시간·날씨·자연
tonight,오늘 밤,🌃,중1-7 시간·날씨·자연
tomorrow,내일,,중1-7 시간·날씨·자연
yesterday,어제,,중1-7 시간·날씨·자연
moment,순간,,중1-7 시간·날씨·자연
ago,~전에,⏮️,중1-7 시간·날씨·자연
later,나중에,⏭️,중1-7 시간·날씨·자연
soon,곧,🔜,중1-7 시간·날씨·자연
already,이미,,중1-7 시간·날씨·자연
until,~까지,,중1-7 시간·날씨·자연
during,~동안,,중1-7 시간·날씨·자연
feeling,느낌·감정,,중2-1 성격·감정
glad,기쁜,😁,중2-1 성격·감정
nervous,긴장한,😬,중2-1 성격·감정
worried,걱정하는,😟,중2-1 성격·감정
afraid,두려워하는,😨,중2-1 성격·감정
upset,속상한,😣,중2-1 성격·감정
lonely,외로운,🥺,중2-1 성격·감정
proud,자랑스러운,😤,중2-1 성격·감정
surprised,놀란,😲,중2-1 성격·감정
disappointed,실망한,😞,중2-1 성격·감정
embarrassed,당황한·창피한,😳,중2-1 성격·감정
calm,차분한,😌,중2-1 성격·감정
brave,용감한,🦁,중2-1 성격·감정
shy,수줍은,🙈,중2-1 성격·감정
kind,친절한·종류,🤗,중2-1 성격·감정
honest,정직한,😇,중2-1 성격·감정
polite,예의 바른,🙇,중2-1 성격·감정
rude,무례한,😒,중2-1 성격·감정
friendly,친근한·우호적인,😊,중2-1 성격·감정
funny,웃긴,🤣,중2-1 성격·감정
serious,진지한·심각한,🧐,중2-1 성격·감정
careful,조심하는,,중2-1 성격·감정
lazy,게으른,,중2-1 성격·감정
diligent,부지런한,🐜,중2-1 성격·감정
curious,호기심 많은,,중2-1 성격·감정
creative,창의적인,🎨,중2-1 성격·감정
patient,참을성 있는·환자,,중2-1 성격·감정
generous,너그러운,,중2-1 성격·감정
selfish,이기적인,,중2-1 성격·감정
confident,자신감 있는,💪,중2-1 성격·감정
smart,똑똑한,,중2-1 성격·감정
foolish,어리석은,🤪,중2-1 성격·감정
character,등장인물·특징,,중2-1 성격·감정
personality,개성·성격,,중2-1 성격·감정
mood,기분·분위기,,중2-1 성격·감정
smile,미소 짓다·미소,🙂,중2-1 성격·감정
laugh,웃다,😂,중2-1 성격·감정
cry,울다,😭,중2-1 성격·감정
tear,눈물,💧,중2-1 성격·감정
feel,느끼다,,중2-1 성격·감정
express,표현하다,,중2-1 성격·감정
hate,몹시 싫어하다,😠,중2-1 성격·감정
hope,희망·바라다,,중2-1 성격·감정
wish,소원·~이면 좋겠다,🌠,중2-1 성격·감정
stress,스트레스,😫,중2-1 성격·감정
relieved,안심한,,중2-1 성격·감정
thankful,고마워하는,🙏,중2-1 성격·감정
sorry,미안한·유감인,,중2-1 성격·감정
fear,두려움,👻,중2-1 성격·감정
joy,기쁨,🎉,중2-1 성격·감정
friendship,우정,,중2-2 친구·관계
relationship,관계,🔗,중2-2 친구·관계
promise,약속·약속하다,,중2-2 친구·관계
trust,신뢰하다·신뢰,,중2-2 친구·관계
believe,믿다,,중2-2 친구·관계
advice,조언,,중2-2 친구·관계
suggest,제안하다,,중2-2 친구·관계
agree,동의하다,👍,중2-2 친구·관계
disagree,동의하지 않다,👎,중2-2 친구·관계
argue,말다툼하다·언쟁하다,🗯️,중2-2 친구·관계
fight,싸우다,,중2-2 친구·관계
apologize,사과하다,,중2-2 친구·관계
forgive,용서하다,🕊️,중2-2 친구·관계
respect,존중하다·존경,,중2-2 친구·관계
invite,초대하다,💌,중2-2 친구·관계
accept,받아들이다,,중2-2 친구·관계
refuse,거절하다,🙅,중2-2 친구·관계
secret,비밀,,중2-2 친구·관계
gossip,소문·험담,,중2-2 친구·관계
conversation,대화,,중2-2 친구·관계
chat,수다 떨다·채팅하다,,중2-2 친구·관계
message,메시지,✉️,중2-2 친구·관계
reply,답장하다·답장,↩️,중2-2 친구·관계
support,지지하다·지원,🙌,중2-2 친구·관계
encourage,격려하다,📣,중2-2 친구·관계
praise,칭찬·칭찬하다,👏,중2-2 친구·관계
blame,탓하다,👉,중2-2 친구·관계
tease,놀리다,😜,중2-2 친구·관계
bully,괴롭히다,,중2-2 친구·관계
lie,거짓말·눕다,🤥,중2-2 친구·관계
truth,진실,,중2-2 친구·관계
borrow,빌리다,,중2-2 친구·관계
lend,빌려주다,,중2-2 친구·관계
return,돌아오다·돌려주다,🔙,중2-2 친구·관계
belong,속하다,,중2-2 친구·관계
include,포함하다,,중2-2 친구·관계
ignore,무시하다,🙉,중2-2 친구·관계
prefer,더 좋아하다,🆚,중2-2 친구·관계
miss,그리워하다·놓치다,,중2-2 친구·관계
meet,만나다,,중2-2 친구·관계
greet,인사하다,👋,중2-2 친구·관계
favor,부탁·호의,,중2-2 친구·관계
contact,연락하다·연락,📞,중2-2 친구·관계
close,닫다·친한,,중2-2 친구·관계
partner,짝·동반자,👫,중2-2 친구·관계
group,무리·집단,,중2-2 친구·관계
conflict,갈등,,중2-2 친구·관계
culture,문화,,중2-3 문화·예술
artist,예술가,🧑‍🎨,중2-3 문화·예술
painting,그림,🖼️,중2-3 문화·예술
sculpture,조각품,,중2-3 문화·예술
gallery,미술관,,중2-3 문화·예술
exhibition,전시회,,중2-3 문화·예술
perform,공연하다,,중2-3 문화·예술
performance,공연·성과,🎪,중2-3 문화·예술
stage,무대·단계,,중2-3 문화·예술
audience,관객,,중2-3 문화·예술
actor,배우,🎭,중2-3 문화·예술
director,감독,,중2-3 문화·예술
film,영화 작품·촬영하다,🎞️,중2-3 문화·예술
poem,시(문학),,중2-3 문화·예술
poet,시인,✒️,중2-3 문화·예술
writer,작가,🖋️,중2-3 문화·예술
story,이야기,,중2-3 문화·예술
scene,장면,,중2-3 문화·예술
musician,음악가,🎼,중2-3 문화·예술
rhythm,리듬,,중2-3 문화·예술
melody,선율,,중2-3 문화·예술
classical,고전적인·클래식의,,중2-3 문화·예술
modern,현대의,,중2-3 문화·예술
design,디자인·설계하다,📐,중2-3 문화·예술
style,스타일·방식,,중2-3 문화·예술
fashion,패션·유행,👗,중2-3 문화·예술
pattern,무늬·패턴,,중2-3 문화·예술
shape,모양,🔺,중2-3 문화·예술
create,창조하다·만들다,,중2-3 문화·예술
imagine,상상하다,,중2-3 문화·예술
imagination,상상력,,중2-3 문화·예술
famous,유명한,🌟,중2-3 문화·예술
masterpiece,걸작,,중2-3 문화·예술
language,언어,🔤,중2-3 문화·예술
celebrate,축하하다·기념하다,🥳,중2-3 문화·예술
holiday,휴일·공휴일,🎉,중2-3 문화·예술
comedy,희극·코미디,😆,중2-3 문화·예술
drama,드라마·연극,📺,중2-3 문화·예술
cartoon,만화 영화,,중2-3 문화·예술
beauty,아름다움,💐,중2-3 문화·예술
unique,독특한,🦄,중2-3 문화·예술
symbol,상징,,중2-3 문화·예술
experiment,실험,🧪,중2-4 과학·기술
scientist,과학자,🧑‍🔬,중2-4 과학·기술
invent,발명하다,,중2-4 과학·기술
invention,발명·발명품,,중2-4 과학·기술
discover,발견하다,,중2-4 과학·기술
research,연구·연구하다,,중2-4 과학·기술
result,결과,,중2-4 과학·기술
fact,사실,,중2-4 과학·기술
theory,이론,,중2-4 과학·기술
technology,기술(과학),🤖,중2-4 과학·기술
machine,기계,⚙️,중2-4 과학·기술
program,프로그램,,중2-4 과학·기술
data,자료·데이터,,중2-4 과학·기술
information,정보,ℹ️,중2-4 과학·기술
internet,인터넷,🌐,중2-4 과학·기술
online,온라인의,,중2-4 과학·기술
digital,디지털의,,중2-4 과학·기술
device,장치·기기,📱,중2-4 과학·기술
battery,배터리·건전지,🔋,중2-4 과학·기술
electricity,전기,🔌,중2-4 과학·기술
power,권력·전력(에너지),,중2-4 과학·기술
engine,엔진,,중2-4 과학·기술
system,체계·시스템,,중2-4 과학·기술
planet,행성,🪐,중2-4 과학·기술
space,우주·공간,,중2-4 과학·기술
gravity,중력,,중2-4 과학·기술
oxygen,산소,,중2-4 과학·기술
gas,기체·가스,,중2-4 과학·기술
liquid,액체,,중2-4 과학·기술
solid,고체·단단한,🧊,중2-4 과학·기술
metal,금속,🔩,중2-4 과학·기술
material,재료·물질,,중2-4 과학·기술
chemical,화학의·화학 물질,⚗️,중2-4 과학·기술
measure,측정하다,,중2-4 과학·기술
weigh,무게를 달다,,중2-4 과학·기술
calculate,계산하다,🧮,중2-4 과학·기술
observe,관찰하다,,중2-4 과학·기술
predict,예측하다,🔮,중2-4 과학·기술
prove,증명하다,,중2-4 과학·기술
process,과정,,중2-4 과학·기술
method,방법,,중2-4 과학·기술
tool,도구,🔨,중2-4 과학·기술
cell,세포·휴대전화,,중2-4 과학·기술
brain,뇌,,중2-4 과학·기술
blood,피,🩸,중2-4 과학·기술
bone,뼈,🦴,중2-4 과학·기술
virus,바이러스,🦠,중2-4 과학·기술
microscope,현미경,🔬,중2-4 과학·기술
telescope,망원경,,중2-4 과학·기술
environment,환경,🌏,중2-5 환경·동물
pollution,오염,🏭,중2-5 환경·동물
protect,보호하다,🛡️,중2-5 환경·동물
save,구하다·아끼다·저축하다,,중2-5 환경·동물
recycle,재활용하다,♻️,중2-5 환경·동물
waste,낭비하다·폐기물,🚮,중2-5 환경·동물
plastic,플라스틱,,중2-5 환경·동물
reduce,줄이다,📉,중2-5 환경·동물
reuse,재사용하다,,중2-5 환경·동물
climate,기후,,중2-5 환경·동물
global,세계적인·지구의,,중2-5 환경·동물
heat,더위·열기,🔥,중2-5 환경·동물
air,공기,,중2-5 환경·동물
fresh,신선한·상쾌한,,중2-5 환경·동물
natural,자연의·천연의,🌿,중2-5 환경·동물
disappear,사라지다,,중2-5 환경·동물
survive,살아남다,,중2-5 환경·동물
species,(생물의) 종,🧬,중2-5 환경·동물
wild,야생의,🐅,중2-5 환경·동물
insect,곤충,🐞,중2-5 환경·동물
whale,고래,🐋,중2-5 환경·동물
dolphin,돌고래,🐬,중2-5 환경·동물
wolf,늑대,🐺,중2-5 환경·동물
eagle,독수리,🦅,중2-5 환경·동물
turtle,거북,,중2-5 환경·동물
penguin,펭귄,🐧,중2-5 환경·동물
shark,상어,🦈,중2-5 환경·동물
deer,사슴,🦌,중2-5 환경·동물
bee,벌,🐝,중2-5 환경·동물
butterfly,나비,🦋,중2-5 환경·동물
feather,깃털,,중2-5 환경·동물
tail,꼬리,,중2-5 환경·동물
wing,날개,,중2-5 환경·동물
nest,둥지,,중2-5 환경·동물
hunt,사냥하다,🏹,중2-5 환경·동물
feed,먹이를 주다,🥕,중2-5 환경·동물
pet,반려동물,🐕,중2-5 환경·동물
plant,식물·심다,🪴,중2-5 환경·동물
leaf,나뭇잎,🍃,중2-5 환경·동물
root,뿌리,,중2-5 환경·동물
seed,씨앗,🌰,중2-5 환경·동물
grass,풀·잔디,,중2-5 환경·동물
soil,흙,,중2-5 환경·동물
ocean,대양,🌊,중2-5 환경·동물
earthquake,지진,,중2-5 환경·동물
volcano,화산,🌋,중2-5 환경·동물
flood,홍수,,중2-5 환경·동물
dust,먼지,,중2-5 환경·동물
travel,여행하다,🧳,중2-6 여행·세계
trip,(짧은) 여행,,중2-6 여행·세계
tour,관광·순회,🚌,중2-6 여행·세계
tourist,관광객,📸,중2-6 여행·세계
passport,여권,🛂,중2-6 여행·세계
luggage,짐·수하물,,중2-6 여행·세계
flight,비행·항공편,,중2-6 여행·세계
hotel,호텔,🏨,중2-6 여행·세계
reserve,예약하다,,중2-6 여행·세계
guide,안내하다·안내인,,중2-6 여행·세계
abroad,해외에·해외로,,중2-6 여행·세계
foreign,외국의,,중2-6 여행·세계
foreigner,외국인,,중2-6 여행·세계
world,세계,🌎,중2-6 여행·세계
continent,대륙,,중2-6 여행·세계
capital,수도·대문자,,중2-6 여행·세계
border,국경·경계,🚧,중2-6 여행·세계
population,인구,,중2-6 여행·세계
nation,국가,,중2-6 여행·세계
international,국제적인,,중2-6 여행·세계
local,지역의·현지의,,중2-6 여행·세계
communicate,의사소통하다,🗣️,중2-6 여행·세계
souvenir,기념품,,중2-6 여행·세계
view,경치·견해,🌄,중2-6 여행·세계
experience,경험·경험하다,🎒,중2-6 여행·세계
adventure,모험,,중2-6 여행·세계
explore,탐험하다,,중2-6 여행·세계
schedule,일정,,중2-6 여행·세계
plan,계획·계획하다,,중2-6 여행·세계
exchange,교환하다,,중2-6 여행·세계
east,동쪽,,중2-6 여행·세계
west,서쪽,,중2-6 여행·세계
south,남쪽,⬇️,중2-6 여행·세계
north,북쪽,⬆️,중2-6 여행·세계
area,지역·면적,,중2-6 여행·세계
board,탑승하다·판,,중2-6 여행·세계
seat,좌석,💺,중2-6 여행·세계
passenger,승객,,중2-6 여행·세계
job,일자리·직업,💼,중2-7 직업·꿈
career,경력·진로,📈,중2-7 직업·꿈
goal,목표,🎯,중2-7 직업·꿈
achieve,성취하다,,중2-7 직업·꿈
success,성공,🥇,중2-7 직업·꿈
effort,노력,💦,중2-7 직업·꿈
skill,솜씨·기량,🛠️,중2-7 직업·꿈
talent,재능,,중2-7 직업·꿈
ability,능력,,중2-7 직업·꿈
engineer,기술자·엔지니어,👷,중2-7 직업·꿈
lawyer,변호사,,중2-7 직업·꿈
judge,판사·판단하다,🧑‍⚖️,중2-7 직업·꿈
police,경찰,👮,중2-7 직업·꿈
firefighter,소방관,🧑‍🚒,중2-7 직업·꿈
pilot,조종사,🧑‍✈️,중2-7 직업·꿈
farmer,농부,🧑‍🌾,중2-7 직업·꿈
chef,요리사,,중2-7 직업·꿈
reporter,기자,🎙️,중2-7 직업·꿈
programmer,프로그래머,🧑‍💻,중2-7 직업·꿈
vet,수의사,🐾,중2-7 직업·꿈
soldier,군인,,중2-7 직업·꿈
employee,직원,🧑‍💼,중2-7 직업·꿈
boss,상사·사장,,중2-7 직업·꿈
company,회사,,중2-7 직업·꿈
office,사무실,🗄️,중2-7 직업·꿈
work,일·일하다,,중2-7 직업·꿈
salary,월급,,중2-7 직업·꿈
earn,(돈을) 벌다,💰,중2-7 직업·꿈
volunteer,자원봉사자·자원하다,,중2-7 직업·꿈
decide,결정하다,,중2-7 직업·꿈
choose,선택하다,,중2-7 직업·꿈
become,~이 되다,,중2-7 직업·꿈
possible,가능한,,중2-7 직업·꿈
impossible,불가능한,,중2-7 직업·꿈
interview,면접·인터뷰,,중2-7 직업·꿈
role,역할,,중2-7 직업·꿈
model,모형·모범,,중2-7 직업·꿈
hero,영웅,🦸,중2-7 직업·꿈
challenge,도전·도전하다,,중2-7 직업·꿈
opportunity,기회,,중2-7 직업·꿈
passion,열정,,중2-7 직업·꿈
opinion,의견,,중3-1 생각·의견
idea,생각·아이디어,,중3-1 생각·의견
reason,이유,,중3-1 생각·의견
consider,고려하다,,중3-1 생각·의견
guess,추측하다,🤷,중3-1 생각·의견
wonder,궁금해하다,,중3-1 생각·의견
doubt,의심·의심하다,,중3-1 생각·의견
sure,확신하는·틀림없는,👌,중3-1 생각·의견
certain,확실한,,중3-1 생각·의견
probably,아마,,중3-1 생각·의견
point,요점·가리키다,,중3-1 생각·의견
mean,의미하다·못된,,중3-1 생각·의견
meaning,의미,,중3-1 생각·의견
evidence,증거,🔍,중3-1 생각·의견
compare,비교하다,,중3-1 생각·의견
difference,차이,,중3-1 생각·의견
advantage,장점·이점,,중3-1 생각·의견
disadvantage,단점,,중3-1 생각·의견
positive,긍정적인,,중3-1 생각·의견
negative,부정적인,,중3-1 생각·의견
important,중요한,,중3-1 생각·의견
necessary,필요한,,중3-1 생각·의견
effect,효과,,중3-1 생각·의견
influence,영향·영향을 주다,,중3-1 생각·의견
cause,원인·일으키다,,중3-1 생각·의견
conclusion,결론,🏁,중3-1 생각·의견
argument,논쟁·논거,,중3-1 생각·의견
claim,주장하다,,중3-1 생각·의견
wise,현명한,🦉,중3-1 생각·의견
mind,마음·꺼리다,,중3-1 생각·의견
attitude,태도,,중3-1 생각·의견
belief,믿음·신념,,중3-1 생각·의견
value,가치,💎,중3-1 생각·의견
choice,선택,,중3-1 생각·의견
agreement,동의·합의,,중3-1 생각·의견
purpose,목적,,중3-1 생각·의견
society,사회,,중3-2 사회·공동체
community,공동체·지역 사회,,중3-2 사회·공동체
citizen,시민,,중3-2 사회·공동체
public,공공의·대중,,중3-2 사회·공동체
government,정부,,중3-2 사회·공동체
law,법,,중3-2 사회·공동체
freedom,자유,,중3-2 사회·공동체
equal,평등한·동등한,,중3-2 사회·공동체
vote,투표하다·투표,🗳️,중3-2 사회·공동체
election,선거,,중3-2 사회·공동체
leader,지도자,,중3-2 사회·공동체
president,대통령·회장,,중3-2 사회·공동체
responsibility,책임,,중3-2 사회·공동체
duty,의무,,중3-2 사회·공동체
donate,기부하다,,중3-2 사회·공동체
charity,자선,,중3-2 사회·공동체
poor,가난한,,중3-2 사회·공동체
rich,부유한,,중3-2 사회·공동체
homeless,집 없는,,중3-2 사회·공동체
disabled,장애가 있는,♿,중3-2 사회·공동체
elderly,나이 든·연로한,,중3-2 사회·공동체
fair,공정한,,중3-2 사회·공동체
unfair,불공평한,,중3-2 사회·공동체
issue,쟁점·발행하다,,중3-2 사회·공동체
solution,해결책,,중3-2 사회·공동체
crime,범죄,🚨,중3-2 사회·공동체
safety,안전,,중3-2 사회·공동체
accident,사고,,중3-2 사회·공동체
emergency,비상(사태),🆘,중3-2 사회·공동체
peace,평화,☮️,중3-2 사회·공동체
war,전쟁,,중3-2 사회·공동체
protest,항의하다·시위,,중3-2 사회·공동체
organization,조직·단체,,중3-2 사회·공동체
cooperate,협력하다,,중3-2 사회·공동체
participate,참여하다,,중3-2 사회·공동체
benefit,혜택·이득,,중3-2 사회·공동체
welfare,복지,,중3-2 사회·공동체
tradition,전통,,중3-3 역사·전통
traditional,전통적인,,중3-3 역사·전통
custom,관습,,중3-3 역사·전통
ancient,고대의,🏺,중3-3 역사·전통
king,왕,👑,중3-3 역사·전통
queen,여왕,👸,중3-3 역사·전통
prince,왕자,🤴,중3-3 역사·전통
palace,궁전,,중3-3 역사·전통
castle,성(城),🏰,중3-3 역사·전통
empire,제국,,중3-3 역사·전통
battle,전투,⚔️,중3-3 역사·전통
army,군대,,중3-3 역사·전통
victory,승리,,중3-3 역사·전통
defeat,패배시키다·패배,,중3-3 역사·전통
independence,독립,,중3-3 역사·전통
historical,역사적인,,중3-3 역사·전통
record,기록·기록하다,,중3-3 역사·전통
remain,남아 있다,,중3-3 역사·전통
ruin,폐허·망치다,🏚️,중3-3 역사·전통
heritage,유산,,중3-3 역사·전통
monument,기념물,,중3-3 역사·전통
statue,동상,🗿,중3-3 역사·전통
ancestor,조상,,중3-3 역사·전통
origin,기원·유래,,중3-3 역사·전통
period,시기·기간,,중3-3 역사·전통
honor,명예·존경하다,🎖️,중3-3 역사·전통
temple,절·사원,🛕,중3-3 역사·전통
pray,기도하다,,중3-3 역사·전통
myth,신화,🐉,중3-3 역사·전통
legend,전설,,중3-3 역사·전통
flag,깃발,🚩,중3-3 역사·전통
establish,설립하다,,중3-3 역사·전통
generation,세대,,중3-3 역사·전통
invade,침략하다,,중3-3 역사·전통
royal,왕실의,,중3-3 역사·전통
economy,경제,,중3-4 경제·소비
price,가격,🏷️,중3-4 경제·소비
cost,비용·(비용이) 들다,,중3-4 경제·소비
expensive,비싼,,중3-4 경제·소비
cheap,싼,,중3-4 경제·소비
sale,판매·세일,,중3-4 경제·소비
discount,할인,🔖,중3-4 경제·소비
sell,팔다,,중3-4 경제·소비
pay,지불하다,💳,중3-4 경제·소비
cash,현금,💵,중3-4 경제·소비
receipt,영수증,,중3-4 경제·소비
customer,고객,,중3-4 경제·소비
shopping,쇼핑,🛒,중3-4 경제·소비
product,제품,📦,중3-4 경제·소비
goods,상품·물건,🛍️,중3-4 경제·소비
brand,상표·브랜드,,중3-4 경제·소비
quality,품질,,중3-4 경제·소비
quantity,양·수량,,중3-4 경제·소비
amount,금액·총액,,중3-4 경제·소비
budget,예산,,중3-4 경제·소비
afford,(~할) 여유가 되다,,중3-4 경제·소비
rent,임대료·세내다,,중3-4 경제·소비
trade,무역·거래,,중3-4 경제·소비
export,수출하다,,중3-4 경제·소비
import,수입하다,,중3-4 경제·소비
industry,산업,,중3-4 경제·소비
factory,공장,🏭,중3-4 경제·소비
produce,생산하다,,중3-4 경제·소비
supply,공급,,중3-4 경제·소비
demand,수요·요구하다,,중3-4 경제·소비
account,계좌·설명,,중3-4 경제·소비
loan,대출,,중3-4 경제·소비
debt,빚,,중3-4 경제·소비
profit,수익,,중3-4 경제·소비
wealth,부·재산,💰,중3-4 경제·소비
poverty,가난,,중3-4 경제·소비
worth,~의 가치가 있는,,중3-4 경제·소비
consume,소비하다,,중3-4 경제·소비
consumer,소비자,,중3-4 경제·소비
advertise,광고하다,,중3-4 경제·소비
advertisement,광고,,중3-4 경제·소비
deliver,배달하다,🚚,중3-4 경제·소비
refund,환불,,중3-4 경제·소비
coin,동전,🪙,중3-4 경제·소비
muscle,근육,,중3-5 몸·마음 건강
skin,피부,,중3-5 몸·마음 건강
stomach,위·배(신체),,중3-5 몸·마음 건강
lung,폐,,중3-5 몸·마음 건강
injury,부상,🩹,중3-5 몸·마음 건강
hurt,다치게 하다·아프다,,중3-5 몸·마음 건강
symptom,증상,,중3-5 몸·마음 건강
disease,질병,,중3-5 몸·마음 건강
treatment,치료,💉,중3-5 몸·마음 건강
cure,낫게 하다,,중3-5 몸·마음 건강
recover,회복하다,,중3-5 몸·마음 건강
prevent,예방하다·막다,,중3-5 몸·마음 건강
mental,정신의,,중3-5 몸·마음 건강
physical,신체의,,중3-5 몸·마음 건강
habit,습관,,중3-5 몸·마음 건강
regular,규칙적인,,중3-5 몸·마음 건강
balance,균형,,중3-5 몸·마음 건강
nutrition,영양,,중3-5 몸·마음 건강
sleep,잠·자다,😴,중3-5 몸·마음 건강
breathe,숨 쉬다,,중3-5 몸·마음 건강
sweat,땀·땀 흘리다,,중3-5 몸·마음 건강
comfort,위로하다·편안함,,중3-5 몸·마음 건강
condition,상태·조건,,중3-5 몸·마음 건강
ambulance,구급차,🚑,중3-5 몸·마음 건강
medical,의학의,⚕️,중3-5 몸·마음 건강
check,확인하다·점검,,중3-5 몸·마음 건강
eyesight,시력,👓,중3-5 몸·마음 건강
hearing,청력,👂,중3-5 몸·마음 건강
smell,냄새·냄새 맡다,👃,중3-5 몸·마음 건강
touch,만지다·촉감,✋,중3-5 몸·마음 건강
sense,감각·분별력,,중3-5 몸·마음 건강
strength,힘·체력,,중3-5 몸·마음 건강
weak,약한,,중3-5 몸·마음 건강
fit,몸이 탄탄한·맞다,,중3-5 몸·마음 건강
life,삶·생명,,중3-5 몸·마음 건강
death,죽음,,중3-5 몸·마음 건강
alive,살아 있는,,중3-5 몸·마음 건강
die,죽다,,중3-5 몸·마음 건강
media,매체·미디어,📡,중3-6 미디어·소통
news,뉴스·소식,,중3-6 미디어·소통
newspaper,신문,🗞️,중3-6 미디어·소통
article,기사,,중3-6 미디어·소통
broadcast,방송하다,📻,중3-6 미디어·소통
channel,채널,,중3-6 미디어·소통
social,사회의·사교적인,,중3-6 미디어·소통
post,게시하다·우편,📮,중3-6 미디어·소통
upload,업로드하다,,중3-6 미디어·소통
download,내려받다,,중3-6 미디어·소통
website,웹사이트,,중3-6 미디어·소통
search,검색하다·찾다,🔍,중3-6 미디어·소통
click,클릭하다,🖱️,중3-6 미디어·소통
comment,댓글·논평,,중3-6 미디어·소통
privacy,사생활,,중3-6 미디어·소통
password,비밀번호,,중3-6 미디어·소통
screen,화면,🖥️,중3-6 미디어·소통
video,동영상,🎥,중3-6 미디어·소통
content,내용·콘텐츠,,중3-6 미디어·소통
source,출처·근원,,중3-6 미디어·소통
fake,가짜의,,중3-6 미디어·소통
real,진짜의,,중3-6 미디어·소통
false,거짓의·사실이 아닌,,중3-6 미디어·소통
spread,퍼뜨리다·퍼지다,,중3-6 미디어·소통
announce,발표하다,,중3-6 미디어·소통
inform,알리다,,중3-6 미디어·소통
signal,신호,📶,중3-6 미디어·소통
connect,연결하다,,중3-6 미디어·소통
network,망·네트워크,🕸️,중3-6 미디어·소통
voice,목소리,,중3-6 미디어·소통
speech,연설·말,,중3-6 미디어·소통
describe,묘사하다,,중3-6 미디어·소통
mention,언급하다,,중3-6 미디어·소통
discuss,논의하다,,중3-6 미디어·소통
debate,토론·토론하다,,중3-6 미디어·소통
translate,번역하다,,중3-6 미디어·소통
email,이메일,📧,중3-6 미디어·소통
text,문자를 보내다·글,,중3-6 미디어·소통
image,이미지·모습,,중3-6 미디어·소통
trend,추세·경향,,중3-6 미디어·소통
allow,허락하다,,중3-7 필수 동사·연결어
avoid,피하다,,중3-7 필수 동사·연결어
continue,계속하다,▶️,중3-7 필수 동사·연결어
develop,발전시키다·개발하다,,중3-7 필수 동사·연결어
improve,향상시키다,,중3-7 필수 동사·연결어
increase,증가하다,,중3-7 필수 동사·연결어
decrease,감소하다,,중3-7 필수 동사·연결어
involve,관련시키다·참여시키다,,중3-7 필수 동사·연결어
manage,관리하다·해내다,,중3-7 필수 동사·연결어
offer,권하다·내놓다,,중3-7 필수 동사·연결어
provide,제공하다,,중3-7 필수 동사·연결어
reach,도달하다·닿다,,중3-7 필수 동사·연결어
realize,깨닫다,,중3-7 필수 동사·연결어
recognize,알아보다,,중3-7 필수 동사·연결어
require,필요로 하다,,중3-7 필수 동사·연결어
seem,~처럼 보이다,,중3-7 필수 동사·연결어
suppose,가정하다·생각하다,,중3-7 필수 동사·연결어
tend,~하는 경향이 있다,,중3-7 필수 동사·연결어
apply,지원하다·적용하다,,중3-7 필수 동사·연결어
focus,집중하다,,중3-7 필수 동사·연결어
depend,의존하다,,중3-7 필수 동사·연결어
follow,따라가다,👣,중3-7 필수 동사·연결어
lead,이끌다,,중3-7 필수 동사·연결어
gather,모이다,,중3-7 필수 동사·연결어
separate,분리하다,✂️,중3-7 필수 동사·연결어
combine,결합하다,,중3-7 필수 동사·연결어
exist,존재하다,,중3-7 필수 동사·연결어
happen,일어나다·발생하다,,중3-7 필수 동사·연결어
appear,나타나다,,중3-7 필수 동사·연결어
fill,채우다,,중3-7 필수 동사·연결어
hide,숨기다·숨다,,중3-7 필수 동사·연결어
matter,중요하다·사안,,중3-7 필수 동사·연결어
situation,상황,,중3-7 필수 동사·연결어
object,물체·대상,,중3-7 필수 동사·연결어
level,수준·높이,,중3-7 필수 동사·연결어
limit,한계·제한하다,,중3-7 필수 동사·연결어
rate,비율·속도,,중3-7 필수 동사·연결어
total,총계·합계의,,중3-7 필수 동사·연결어
whole,온전한·전체의,,중3-7 필수 동사·연결어
main,주된,,중3-7 필수 동사·연결어
basic,기본적인,,중3-7 필수 동사·연결어
simple,간단한,,중3-7 필수 동사·연결어
complex,복잡한,,중3-7 필수 동사·연결어
common,흔한·공통의,,중3-7 필수 동사·연결어
rare,드문,,중3-7 필수 동사·연결어
various,다양한,,중3-7 필수 동사·연결어
specific,구체적인·특정한,,중3-7 필수 동사·연결어
general,일반적인·장군,,중3-7 필수 동사·연결어
exact,정확한,,중3-7 필수 동사·연결어
likely,~할 것 같은,,중3-7 필수 동사·연결어
especially,특히,,중3-7 필수 동사·연결어
actually,실제로,,중3-7 필수 동사·연결어
instead,대신에,,중3-7 필수 동사·연결어
however,그러나,,중3-7 필수 동사·연결어
although,비록 ~이지만,,중3-7 필수 동사·연결어
therefore,그러므로,,중3-7 필수 동사·연결어
unless,~하지 않으면,,중3-7 필수 동사·연결어
whether,~인지 아닌지,,중3-7 필수 동사·연결어
